"","mean_2012","mean_adj_2012","mean_2017","mean_adj_2017"
"1",186.757354461716,0.715545419393548,177.023026495353,0.578506622533832
"2",187.533554881874,0.718519367363501,175.75175361862,0.574352136008563
"3",185.190500465682,0.709542147378093,175.57119875508,0.573762087434903
"4",187.905236702107,0.719943435640258,175.280117652479,0.572810842001566
"5",186.155648773395,0.713240033614539,174.754125967274,0.571091914925733
"6",187.847759578843,0.719723216777178,175.836625614247,0.574629495471396
"7",186.475172061317,0.71446426077133,174.11613843131,0.569006988337616
"8",187.76716267285,0.719414416371073,173.324570999917,0.566420166666396
"9",187.74309343115,0.719322197054217,175.207570503647,0.57257375981584
"10",186.777979926276,0.715624444161976,175.182252134624,0.572491020047791
"11",186.980207441619,0.716399262228424,174.611143630317,0.570624652386658
"12",187.718469474156,0.719227852391401,176.552195332901,0.576967958604252
"13",187.276225929201,0.717533432678932,174.459530092047,0.570129183307343
"14",188.720243899816,0.72306606858167,174.312151568457,0.569647554145286
"15",187.389353251456,0.717966870695232,175.28858357739,0.572838508422844
"16",186.664475767778,0.715189562328651,174.526954962239,0.57034952602039
"17",187.93294831193,0.720049610390535,172.798216010266,0.56470005232113
"18",190.856088130927,0.731249379811982,175.724667504925,0.574263619297141
"19",190.500314250623,0.729886261496641,176.956252249742,0.578288406044909
"20",188.374281507478,0.721740542174247,177.480067462749,0.5800002204665
"21",186.326679112852,0.713895322271464,173.580756741031,0.567257374970691
"22",182.949139425838,0.700954557187119,173.859486649539,0.568168257024637
"23",186.803121532012,0.715720772153302,175.315022730685,0.572924910884591
"24",187.635288904893,0.71890915289231,173.81500461806,0.568022890908692
"25",185.548316164041,0.710913088751113,170.196393611492,0.556197364743439
"26",187.212885905814,0.717290750596988,175.401025274946,0.573205964950804
"27",187.624416231719,0.718867495140685,174.814849848322,0.571290358981446
"28",188.213419419768,0.721124212336276,176.619291929539,0.577187228527905
"29",187.345177870522,0.717797616362154,175.443312300436,0.573344157844563
"30",188.043550793948,0.720473374689455,173.959129174233,0.568493886190304
"31",185.247871759128,0.709761960762943,172.686184973435,0.564333937821684
"32",187.104803115618,0.716876640289723,175.702585106947,0.574191454597867
"33",186.583349689741,0.714878734443452,176.863950994571,0.577986767956115
"34",185.266678545344,0.709834017415109,172.986336916945,0.565314826525964
"35",188.068803063316,0.720570126679371,175.796766680125,0.574499237516749
"36",184.573811046582,0.707179352668897,175.707880758372,0.574208760648274
"37",187.185186811405,0.717184623798488,173.167167409628,0.565905775848457
"38",187.289249861136,0.717583332801289,174.840967575118,0.571375711029796
"39",186.97868377898,0.716393424440538,174.482786602584,0.570205184975765
"40",188.237512032005,0.721216521195423,176.896984862647,0.578094721773355
"41",186.088876093762,0.712984199592958,174.900278567066,0.571569537800869
"42",184.143510958478,0.705530693327502,173.545208379461,0.567141203854448
"43",186.317322974872,0.713859474999508,172.598731812537,0.564048143178225
"44",184.579935924268,0.707202819633211,175.133244778934,0.572330865290633
"45",185.205533832406,0.709599746484315,174.227249864048,0.56937009759493
"46",186.514589977703,0.714615287270892,172.637270399469,0.564174086272776
"47",187.66497839604,0.719022905731956,174.108841362683,0.568983141708115
"48",186.890140754099,0.71605417913448,174.157373170265,0.569141742386488
"49",186.531498705594,0.714680071668944,175.447212897657,0.573356904894304
"50",188.512326775976,0.722269451248952,176.129678452249,0.575587184484474
"51",187.026307516534,0.716575890867946,175.159765716501,0.572417535021246
"52",187.805238309021,0.719560300034565,176.424960334261,0.5765521579551
"53",184.144890229718,0.705535977891639,174.195498301669,0.569266334319181
"54",185.007698560735,0.708841756937682,173.196810110229,0.566002647419048
"55",185.211202642107,0.709621466061712,173.796531718969,0.567962521957415
"56",186.183826455043,0.713347994080625,174.983470871747,0.571841408077604
"57",186.269234554228,0.713675228177117,173.447145990774,0.566820738531942
"58",185.481775360693,0.710658143144417,175.580242853145,0.573791643310931
"59",185.87678862763,0.712171603937282,173.830404036947,0.568073215807016
"60",186.725029165935,0.715421567685574,175.641689026124,0.573992447797789
"61",183.784367056103,0.704154663050202,174.390019898799,0.56990202581307
"62",185.714692229254,0.711550544939672,175.051529352115,0.572063821412142
"63",185.888834930393,0.712217758353996,174.941280129055,0.571703529833514
"64",186.317496490837,0.713860139811634,175.857783718438,0.57469863960274
"65",189.132605238526,0.724645997082477,174.567918454539,0.570483393642286
"66",186.177759101772,0.713324747516369,174.238296847362,0.569406198847587
"67",186.803524091679,0.715722314527507,175.533379393279,0.573638494749277
"68",185.667995871855,0.71137163169293,174.42293812706,0.570009601722419
"69",185.982291389517,0.712575829078608,173.377699881991,0.566593790464023
"70",186.419357353277,0.714250411315237,173.660995468809,0.567519593035325
"71",184.016405592696,0.705043699588875,174.455204418058,0.570115047117836
"72",186.711514771117,0.715369788395083,175.113354358314,0.572265863916058
"73",187.391273534858,0.717974228102904,172.462601236623,0.563603272015107
"74",187.507323676055,0.718418864659215,176.199785146748,0.575816291329241
"75",185.742385929688,0.711656651071602,175.524409368198,0.573609180941824
"76",183.973279643108,0.704878466065547,173.755042194806,0.567826935277143
"77",185.027876228364,0.708919066009056,173.933708019035,0.568410810519721
"78",185.735312017812,0.711629547960965,174.392741981811,0.569910921509185
"79",184.051128110637,0.705176736056079,175.758409636954,0.574373887702465
"80",187.277336690074,0.717537688467717,175.196355036892,0.5725371079637
"81",187.582885254464,0.718708372622467,174.647095256894,0.570742141362399
"82",185.906233950875,0.712284421267718,175.177571261634,0.572475723077235
"83",187.94165955327,0.720082986794137,173.191946812045,0.565986754287728
"84",185.885793963934,0.712206107141509,175.422601642068,0.573276475954469
"85",185.299940091042,0.709961456287519,173.651536623987,0.567488681777734
"86",184.038594924138,0.705128716184437,171.114562109662,0.559197915391052
"87",188.618884516155,0.722677718452703,173.487114021086,0.566951353010086
"88",185.097644997257,0.709186379299834,178.024998540307,0.581781040981395
"89",188.342441430868,0.721618549543556,172.075297871826,0.562337574744529
"90",188.442170388815,0.72200065283071,174.474436468466,0.57017789695577
"91",188.018839480317,0.720378695326883,174.774300256559,0.571157843975683
"92",185.734337100155,0.711625812644271,174.883140352786,0.571513530564661
"93",186.785426215819,0.715652974006968,174.816816716481,0.571296786655168
"94",185.838310137255,0.712024176771092,175.16006791096,0.572418522584836
"95",188.063263866339,0.720548903702448,173.033810746189,0.565469969758787
"96",185.1955497886,0.709561493442914,174.329030734727,0.569702714819369
"97",188.697420052946,0.722978620892513,173.014452440469,0.565406707321795
"98",186.32195814717,0.713877234280346,173.425814957458,0.56675102927274
"99",184.184329234924,0.705687085191281,171.89996552634,0.561764593223334
"100",184.085367733358,0.705307922350032,172.677420806264,0.564305296752497
"101",185.131275357476,0.709315231254699,173.200132819475,0.566013505945995
"102",187.345267825829,0.717797961018501,175.721234556946,0.574252400512895
"103",189.160418272065,0.724752560429366,175.792927662202,0.574486691706544
"104",188.960784531099,0.723987680195782,177.706788889968,0.580741140163294
"105",186.275927894213,0.713700873157904,175.618994310864,0.573918282061647
"106",185.593151030485,0.711084869848603,176.226074405461,0.575902203939416
"107",187.170881659956,0.717129814789104,176.858664564835,0.577969492041944
"108",187.710449169103,0.719197123253268,174.086625827534,0.568910541920047
"109",186.089479084953,0.712986509904035,175.086862453006,0.572179289062113
"110",186.388825756213,0.714133432016141,174.691744349707,0.570888053430416
"111",187.579169132506,0.718694134607301,174.383086073787,0.569879366254205
"112",185.967894721369,0.712520669430532,173.892930224355,0.568277549752794
"113",187.628693762936,0.718883884149182,174.189828568922,0.569247805780791
"114",187.150890284846,0.717053219482169,175.366084731439,0.573091780168101
"115",186.311703564518,0.71383794469164,175.039111408691,0.572023239897685
"116",188.648320092843,0.72279049844001,174.392201752436,0.569909156053712
"117",187.113627808626,0.716910451374046,173.818282520981,0.568033603009742
"118",184.554336183255,0.707104736334312,177.151602561887,0.578926805757799
"119",188.189645781578,0.721033125599915,174.497400536088,0.570252942928391
"120",186.140989631106,0.713183868318415,176.215151417453,0.575866507900172
"121",188.211389953945,0.721116436605154,175.112363603099,0.572262626153918
"122",186.579800666111,0.714865136651766,175.134166312621,0.572333876838631
"123",187.335858845182,0.717761911284223,170.989275177969,0.558788480973755
"124",182.827640288796,0.700489043252094,172.140693461009,0.562551285820291
"125",184.57828524214,0.707196495180614,174.898864574116,0.571564916908875
"126",183.246221644644,0.702092803236183,175.205535817617,0.57256711051509
"127",187.851421126175,0.719737245694157,175.960914195518,0.575035667305614
"128",185.669676561884,0.711378071118329,175.516832655835,0.573584420443906
"129",183.969014537314,0.704862124664039,173.621170086815,0.567389444728153
"130",187.678544019855,0.719074881302126,174.231402858159,0.569383669471107
"131",185.509097924486,0.710762827296882,175.613870416584,0.573901537309099
"132",185.779636384422,0.711799373120391,173.418578294252,0.566727380046577
"133",184.443915106751,0.706681667075675,173.11876615472,0.565747601812811
"134",186.354883043973,0.71400338331024,174.644265401253,0.570732893468148
"135",185.299560720072,0.709960002758898,176.850302852939,0.577942166186076
"136",186.058955733416,0.712869562196997,174.092644612732,0.568930211152719
"137",188.003036134392,0.72031814610878,174.701089664184,0.570918593673804
"138",185.552247394573,0.710928150937061,173.310502897725,0.566374192476226
"139",187.245013793565,0.717413845952357,176.213129116632,0.57585989907396
"140",187.058410617691,0.716698891255522,175.349206663754,0.573036623084164
"141",186.621606118655,0.715025310799443,173.369575566729,0.566567240414149
"142",185.849190305506,0.712065863239488,173.464735620415,0.566878220981748
"143",187.029730692041,0.716589006482916,176.145638427377,0.575639341265938
"144",186.365298842312,0.714043290583571,177.983128434397,0.581644210569925
"145",186.294784783464,0.713773121775725,174.468890221972,0.57015977196723
"146",187.007844172174,0.716505150084957,174.189994395949,0.569248347699181
"147",183.641563949825,0.703607524711975,174.939967287215,0.571699239500702
"148",187.001874558602,0.716482278002305,173.24203452927,0.566150439638137
"149",186.834989341251,0.715842871039274,175.529711064421,0.573626506746473
"150",185.768362591475,0.711756178511399,176.164453745585,0.575700829233939
"151",186.4032020438,0.714188513577779,174.121950910311,0.569025983367031
"152",185.279134645216,0.709881741935694,176.284570339884,0.576093367123804
"153",185.887670121249,0.712213295483711,176.316995379348,0.57619933130506
"154",185.857170413206,0.712096438364774,174.406978392309,0.569957445726499
"155",187.918585444293,0.719994580246332,175.20737368444,0.572573116615817
"156",186.650960187631,0.71513777849667,175.307222318223,0.572899419340598
"157",187.657376103854,0.718993778175687,174.748526713763,0.571073616711643
"158",183.711548778963,0.703875665819781,171.71498707531,0.561160088481404
"159",186.921964842232,0.716176110506636,174.387281586389,0.569893077079701
"160",185.37898052846,0.710264293212489,174.577043907829,0.570513215385064
"161",185.429332901305,0.710457214181245,173.470805864489,0.566898058380683
"162",187.987249396287,0.720257660522174,175.873573307195,0.574750239565996
"163",185.582922288476,0.711045679266191,174.067223252754,0.568847134812921
"164",185.52893197223,0.710838819816975,173.994344656962,0.568608969467196
"165",187.291567924128,0.717592214268691,174.576419107722,0.570511173554646
"166",187.262827529179,0.717482097812945,173.245046724205,0.566160283412433
"167",185.483763193061,0.710665759360388,174.270791697965,0.569512391169821
"168",185.610339159691,0.711150724749774,175.295807021438,0.572862114449144
"169",187.332030365018,0.717747242777848,176.821112904881,0.577846774198958
"170",187.542240666574,0.718552646232086,176.331602212877,0.576247066055154
"171",187.850393054857,0.719733306723591,174.517290643262,0.570317943278633
"172",186.770619756862,0.715596244279166,175.877340332743,0.574762550107002
"173",187.068621916027,0.716738015003935,173.806497700649,0.567995090524995
"174",185.20477555518,0.709596841207586,174.358300482732,0.569798367590629
"175",184.369323699686,0.706395876244008,174.439447513896,0.570063553966981
"176",184.311004960859,0.706172432800228,172.568007851787,0.563947738077734
"177",187.499065916452,0.718387225733531,175.130877476115,0.572323129006912
"178",189.209467832932,0.724940489781349,175.78560931442,0.57446277553732
"179",185.001121135572,0.708816556074987,172.385081113701,0.563349938280068
"180",186.196480239465,0.713396476013277,176.068593812932,0.575387561480171
"181",187.165781577011,0.717110274241421,173.995570553359,0.568612975664572
"182",188.688403369868,0.722944074214054,173.380046978525,0.566601460714135
"183",188.040084486242,0.720460093817021,174.417242361149,0.56999098810833
"184",186.513110131388,0.714609617361642,175.165060583692,0.572434838508796
"185",184.069299174422,0.705246356990121,173.466268734589,0.566883231158789
"186",187.570493824796,0.718660895880443,174.572493648065,0.570498345255114
"187",185.749156204944,0.711682590823539,174.1307551841,0.569054755503595
"188",186.678619894259,0.715243754384133,174.343770891781,0.569750885267257
"189",186.815554585909,0.715768408375129,173.266906523322,0.56623172066445
"190",188.017587767716,0.720373899493165,173.17476943824,0.565930619079216
"191",188.790269797163,0.72333436703894,177.423325057176,0.579814787768549
"192",185.240977699807,0.709735546742554,175.616100013386,0.573908823573157
"193",187.417631255572,0.71807521553859,176.525058160183,0.576879275033277
"194",186.491452094551,0.714526636377592,176.15986873788,0.575685845548627
"195",187.853407289086,0.719744855513739,172.515295884261,0.563775476745949
"196",186.366867850686,0.714049302109909,174.286259964227,0.569562941059566
"197",187.26352984288,0.717484788670037,174.492060571151,0.570235492062585
"198",187.386954868458,0.717957681488346,172.92405690316,0.565111297069151
"199",187.345311101681,0.717798126826365,174.984080477939,0.571843400254703
"200",185.180307375254,0.70950309339178,174.616762043705,0.570643013214721
"201",185.669905492184,0.711378948245915,174.632947942073,0.570695908307428
"202",187.046085840446,0.716651669886765,172.81374727645,0.564750808092973
"203",186.834283807518,0.715840167844897,173.763356111776,0.567854104940446
"204",187.726846258423,0.719259947350278,175.812362997088,0.574550205872837
"205",186.874221482139,0.715993185755323,175.309668107883,0.572907412117266
"206",186.355790524146,0.714006860245771,174.16954836289,0.569181530597681
"207",189.002771028247,0.724148548000946,174.846737198081,0.571394566006801
"208",187.404048373619,0.718023173845282,175.232106845754,0.572653943940372
"209",187.786790656365,0.719489619373047,172.87867365964,0.564962985815816
"210",185.146921284824,0.70937517733649,174.860902986617,0.571440859433391
"211",186.712241559897,0.715372573026427,173.70709700244,0.567670251641961
"212",188.529362196614,0.722334721059824,176.669581715132,0.577351574232457
"213",187.227201253442,0.717345598672193,173.750853324708,0.567813246159178
"214",188.82704727923,0.723475276931915,177.511564308672,0.580103151335529
"215",187.563198506753,0.718632944470318,174.827702994578,0.571332362727378
"216",186.447218075829,0.714357157378654,174.791121349618,0.571212814868034
"217",186.528778621378,0.714669649890336,175.676142524277,0.574105040929009
"218",187.108509060196,0.716890839311097,175.924764692484,0.574917531674786
"219",188.241062443532,0.721230124304722,175.657130597042,0.57404291044785
"220",184.66686418272,0.707535878094713,174.603777957376,0.570600581560052
"221",187.589442804031,0.718733497333453,174.201247610448,0.56928512290996
"222",186.691613079839,0.715293536704364,173.702705433773,0.56765590011037
"223",186.992091820796,0.716444796248259,171.977459103182,0.562017840206477
"224",186.311473566528,0.713837063473286,172.664258180011,0.564262281634022
"225",186.953313437907,0.716296220068608,173.308346633433,0.566367145860894
"226",184.788490329279,0.708001878656241,174.386984048262,0.569892104732884
"227",184.647065111123,0.707460019582848,172.524253541383,0.563804750135239
"228",186.981301192624,0.716403452845304,174.925192804854,0.571650956878608
"229",185.885104947724,0.71220346723266,174.154974932456,0.569133905008025
"230",187.791245399329,0.71950668735375,177.313524469491,0.579455962318599
"231",186.448936160828,0.7143637400798,176.298093530816,0.576137560558222
"232",186.923205112241,0.716180862499008,176.312463858482,0.57618452241334
"233",186.365497973956,0.714044053540061,174.01063651635,0.568662210837743
"234",188.443489904936,0.72200570844803,174.562712107852,0.570466379437424
"235",186.997832678028,0.716466791869838,175.452247900252,0.573373359151152
"236",189.306749199348,0.725313215323171,174.380549363654,0.56987107635181
"237",187.859301573235,0.719767438977914,174.157918863545,0.56914352569786
"238",184.550877733613,0.707091485569399,174.606448341511,0.570609308305592
"239",188.545717941906,0.722397386750599,174.470684959584,0.570165637122823
"240",184.913680159022,0.70848153317633,174.509187382094,0.570291462032987
"241",186.598897688882,0.714938305321388,173.257876400098,0.566202210457837
"242",186.443795331328,0.714344043415048,174.979461666491,0.571828306099644
"243",185.908669257057,0.712293751942747,174.314694224898,0.569655863480059
"244",188.363993416056,0.721701124199449,175.865815617902,0.574724887640203
"245",186.162710106346,0.713267088530063,175.35519689993,0.573056199019378
"246",187.136607323572,0.716998495492614,173.996740672232,0.568616799582456
"247",186.300738215075,0.713795931858524,176.519568996633,0.576861336590303
"248",187.672311453059,0.71905100173586,175.733498148733,0.574292477610239
"249",188.402436065506,0.721848414044084,175.589511020166,0.573821931438451
"250",188.332079903234,0.721578850203963,176.149497927949,0.575651954012904
"251",187.857742447846,0.719761465317418,173.430111551068,0.566765070428327
"252",188.28444314564,0.721396333891343,173.925628362397,0.568384406413062
"253",185.989198945204,0.712602294809209,172.908619408485,0.565060847740147
"254",187.820056715587,0.719617075538649,174.106018025662,0.568973915116541
"255",189.64527132493,0.726610234961419,175.453321956348,0.573376869138392
"256",185.689724676202,0.711454883816867,174.631394508511,0.570690831727159
"257",186.594218959763,0.714920379156182,174.349312995597,0.569768996717637
"258",188.711675337223,0.723033238839934,175.127596835075,0.572312407957761
"259",187.746649559202,0.71933582206591,175.094235518462,0.572203384047261
"260",186.457728764236,0.714397428215465,173.218863633222,0.566074717755627
"261",187.236683452517,0.717381928936847,174.586645079393,0.570544591762723
"262",185.963740651525,0.712504753454119,176.35980300163,0.576339225495522
"263",185.693658646408,0.711469956499646,176.923364662037,0.578180930268095
"264",186.107272199671,0.713054682757362,174.17390095204,0.569195754745229
"265",185.790597586576,0.711841370063511,173.550567564276,0.567158717530314
"266",185.184163285025,0.709517866992434,175.995222133908,0.575147784751334
"267",186.482566103088,0.714492590433286,174.617172133304,0.57064435337681
"268",186.357936590738,0.714015082723133,174.829125731251,0.571337012193631
"269",186.789576565733,0.715668875730778,176.688410833458,0.577413107298883
"270",186.371866271246,0.714068453146535,174.118010235295,0.569013105344101
"271",186.217515272286,0.713477070008759,177.643949372958,0.580535782264569
"272",186.697610549134,0.715316515513922,173.332486278323,0.566446033589291
"273",186.127657178012,0.71313278612265,176.257786138586,0.576005837054202
"274",187.389237565985,0.717966427455882,174.913121460293,0.571611508040174
"275",187.41226388329,0.71805465089383,174.451342260448,0.570102425687738
"276",187.317957698613,0.71769332451576,176.926239239708,0.578190324312772
"277",187.904546375211,0.719940790709622,175.665493835327,0.57407024129192
"278",189.839093287997,0.72735284784673,175.694477520644,0.574164959217789
"279",190.281896165381,0.729049410595329,174.931807259632,0.571672572743895
"280",186.920091104877,0.716168931436311,174.315616646564,0.569658877929947
"281",188.548356585263,0.722407496495262,176.500614573034,0.576799394029522
"282",184.532654088873,0.707021663175759,175.727029943472,0.574271339684548
"283",185.581495763152,0.711040213651924,172.918174600779,0.565092073858753
"284",187.617293888631,0.718840206469849,175.653290708481,0.574030361792422
"285",186.412599910241,0.714224520728892,175.981451259562,0.575102781893992
"286",189.815883012135,0.727263919586723,176.635264240578,0.577239425622803
"287",184.713149621774,0.707713216941664,172.965733097849,0.565247493783821
"288",186.074420676822,0.712928814853723,176.031869382229,0.575267547000749
"289",187.563740517529,0.718635021139958,174.81622410751,0.571294850024543
"290",186.050402135277,0.712836789790334,175.232023524421,0.572653671648436
"291",186.700681139637,0.715328280228495,175.877333511517,0.574762527815416
"292",188.454516551765,0.722047956137029,173.049874228103,0.565522464797722
"293",183.997970307582,0.704973066312577,174.970187426854,0.571797998126974
"294",188.033925401006,0.720436495789295,174.589409696213,0.570553626458214
"295",186.293292311534,0.713767403492466,175.186623902538,0.572505306871038
"296",185.528978303535,0.710838997331551,177.321989932827,0.57948362723146
"297",184.981750445903,0.708742338873193,173.121517082346,0.565756591772371
"298",188.30995445228,0.721494078361225,176.010354247142,0.575197236101772
"299",185.790902621735,0.711842538780593,173.548024329383,0.567150406305173
"300",181.350535578695,0.694829638232549,172.2813201521,0.563010850170261
"301",185.428976242138,0.710455847671028,174.110636276509,0.568989007439571
"302",184.869381245034,0.70831180553653,175.683799451459,0.574130063566861
"303",186.729937144596,0.715440372201517,175.459605851058,0.57339740474202
"304",187.463533988151,0.718251088077206,173.569817732542,0.567221626576933
"305",185.728355824378,0.711602895878844,175.268641891583,0.572773339514977
"306",185.732688830721,0.711619497435711,173.112858963697,0.565728297266983
"307",184.477944992024,0.706812049777868,175.362359758292,0.57307960705324
"308",188.183821091054,0.721010808777984,173.805251385476,0.567991017599594
"309",184.790108377794,0.708008078075838,174.052071083925,0.568797617921323
"310",185.733482793596,0.711622539439065,173.918663126503,0.568361644204258
"311",186.193410876962,0.713384716003685,174.139723085889,0.569084062372187
"312",187.603902686031,0.718788899180196,176.545637382997,0.576946527395417
"313",185.886379529224,0.712208350686684,173.391110075682,0.566637614626413
"314",188.988276464643,0.724093013274495,174.899464815535,0.57156687848214
"315",186.095348255395,0.713008997147108,175.924043501605,0.574915174841846
"316",185.184656514522,0.709519756760621,174.842524212444,0.571380798079884
"317",187.691704471717,0.719125304489335,175.474051385276,0.573444612370184
"318",185.037729496955,0.708956817995996,174.041191521438,0.568762063795549
"319",189.313985846155,0.725340941939292,175.578264576493,0.573785178354553
"320",188.559351589129,0.722449622946854,174.681412514041,0.570854289261572
"321",184.585332526212,0.707223496269013,174.513643570476,0.570306024740119
"322",186.972249463646,0.716368771891365,176.854202424665,0.577954909884526
"323",185.687842686488,0.711447673128305,174.060558365495,0.568825354135606
"324",190.260435082538,0.728967184224282,175.650604302908,0.574021582689241
"325",186.33742383087,0.713936489773448,173.037410420108,0.565481733399045
"326",187.001719322006,0.716481683226078,174.437658137592,0.570057706332001
"327",186.391585104253,0.714144004230855,175.336226603374,0.572994204586191
"328",186.609354806976,0.714978370907955,175.090491386723,0.572191148322625
"329",187.212599893273,0.717289654763499,174.373626914786,0.56984845396989
"330",187.524267039769,0.718483781761567,175.432648255344,0.573309308024
"331",186.912421291363,0.716139545177637,176.7283583375,0.577543654697711
"332",188.901198900929,0.72375938276218,173.25800495238,0.566202630563335
"333",185.945470920542,0.712434754484835,173.804995372964,0.567990180957399
"334",186.361555590236,0.714028948621594,173.638674082846,0.567446647329564
"335",186.150387356016,0.713219874927265,175.53705773852,0.573650515485359
"336",186.430174613718,0.714291856757542,176.634973059103,0.577238474049357
"337",187.309049201936,0.717659192344583,175.641292075691,0.573991150574152
"338",186.524900825926,0.714654792436499,173.727804974675,0.567737924753839
"339",186.389393845135,0.714135608602052,176.087724305864,0.575450079430929
"340",187.470074436815,0.718276147267489,176.676714950738,0.577374885459929
"341",185.935928366058,0.712398192973401,173.882694347423,0.568244099174585
"342",186.606167473832,0.714966158903573,174.1426746999,0.569093708169608
"343",186.707327713015,0.715353746026878,175.860075227455,0.574706128194298
"344",185.65906627093,0.711337418662566,174.204890235282,0.569297026912688
"345",183.828761207047,0.704324755582556,175.070838461483,0.57212692307674
"346",185.22570956266,0.709677048132798,175.443976595609,0.573346328743822
"347",184.443387241263,0.70667964460254,170.950388874753,0.558661401551481
"348",189.830897802179,0.727321447517928,175.889665052984,0.574802826970536
"349",186.76732693154,0.715583628090191,176.04046709542,0.57529564410268
"350",190.709080181225,0.730686130962547,175.203135046025,0.572559264856292
"351",187.567142983047,0.718648057406311,174.332668661608,0.569714603469306
"352",186.64391413452,0.715110782124597,176.136413140887,0.575609193270872
"353",185.136065741591,0.709333585216824,173.975969024445,0.56854891838054
"354",186.447679256579,0.714358924354707,175.962312242834,0.575040236087694
"355",184.452789627706,0.70671566907167,171.769264033874,0.561337464162988
"356",189.481211012597,0.725981651389261,173.672822885859,0.567558244725031
"357",186.602318991005,0.714951413758639,173.710059001511,0.567679931377486
"358",184.427924742041,0.706620401310503,173.685881381351,0.567600919546898
"359",186.159173218826,0.713253537236883,177.404564697429,0.579753479403364
"360",185.49057504818,0.710691858422145,174.393711287017,0.569914089173258
"361",188.232083116166,0.721195720751594,176.88059576353,0.578041162625915
"362",187.032118502556,0.716598155182206,175.352125579201,0.573046162023534
"363",188.900380569149,0.723756247391374,175.117078756169,0.57227803515088
"364",188.423037206073,0.721927345617137,174.9237819835,0.571646346351309
"365",189.732650390168,0.726945020651986,174.563544520105,0.570469099738906
"366",189.160015154239,0.724751015916625,176.956287626471,0.578288521655134
"367",186.031560909579,0.712764601186127,174.51725414736,0.57031782401098
"368",185.813473464374,0.711929017104882,174.530501378008,0.570361115614404
"369",184.666388142552,0.707534054186022,173.125599816028,0.565769934039307
"370",186.013095958875,0.712693854248562,175.124145127649,0.572301127868135
"371",186.714370918818,0.715380731489726,175.492540385344,0.573505033939031
"372",186.666939066718,0.715199000255626,176.388042230785,0.576431510558119
"373",185.600877687591,0.711114473898816,172.83473924363,0.564819409292909
"374",182.760066800815,0.700230140999292,174.458317543353,0.570125220729913
"375",185.229269050061,0.709690686015559,173.816234896725,0.568026911427207
"376",188.2988746975,0.721451627193486,173.347271851897,0.566494352457179
"377",187.228924722236,0.717352202000904,174.426392832511,0.570020891609514
"378",184.110012489062,0.705402346701387,174.701625590509,0.570920345067021
"379",187.022491946262,0.71656127182476,175.945982155677,0.574986869789794
"380",186.260864848789,0.713643160340187,174.363989655421,0.569816959658238
"381",186.76495601575,0.715574544121648,174.642714912859,0.570727826512611
"382",188.287767879995,0.721409072337146,174.048014729882,0.56878436186236
"383",186.998014069635,0.716467486856841,175.771126661899,0.574415446607513
"384",184.868079563215,0.708306818249865,174.634264234665,0.570700209917205
"385",186.916270803093,0.716154294264723,174.374191696438,0.569850299661562
"386",187.407181447781,0.718035177960848,175.444307549373,0.573347410292067
"387",187.791216296358,0.719506575848117,178.162908952138,0.582231728601757
"388",185.973626216119,0.712542629180534,173.145469521397,0.565834867716984
"389",188.054784877287,0.720516417154357,173.699059653921,0.567643985797127
"390",187.820388594202,0.719618347104221,174.636543176003,0.570707657437917
"391",184.528109636091,0.707004251479274,173.988078330618,0.568588491276528
"392",184.645670362896,0.707454675719908,173.603902726152,0.567333015444941
"393",185.587145728298,0.711061861027962,173.889494902302,0.568266323210138
"394",185.091580909235,0.709163145246111,172.868983301332,0.564931317978209
"395",187.854214125628,0.719747946841486,176.327013244325,0.5762320694259
"396",184.591493074727,0.707247099903167,175.540767133958,0.573662637692672
"397",188.702523435183,0.722998174081162,175.244204793644,0.572693479717789
"398",187.857549360469,0.719760725519039,174.856096383305,0.571425151579429
"399",186.131636359514,0.713148032028788,174.270224385077,0.569510537206134
"400",186.515863720832,0.714620167512765,173.692788918273,0.567623493196971
"401",183.621252542964,0.703529703229745,173.243486715646,0.566155185345249
"402",184.680237038785,0.70758711509113,175.377632941822,0.573129519417719
"403",188.893494425917,0.723729863700832,174.389364994174,0.569899885601876
"404",187.482756566936,0.718324737804354,174.62222427289,0.570660863636895
"405",185.529201058639,0.710839850799383,176.634153179951,0.577235794705723
"406",186.866224661835,0.715962546597069,175.174149214771,0.572464539917551
"407",186.126748532356,0.713129304721669,173.14356923155,0.565828657619445
"408",187.199366955177,0.717238953851254,174.935168255463,0.571683556390403
"409",187.539974224405,0.718543962545614,174.369579425293,0.569835226880043
"410",186.930328252109,0.716208154222639,175.801254793322,0.574513904553338
"411",186.835015204795,0.715842970133313,173.087579430825,0.56564568441446
"412",187.256872200314,0.717459280460974,174.507645217049,0.570286422277938
"413",187.294658847362,0.717604056886446,175.567882291904,0.573751249319948
"414",185.411848655875,0.710390224735153,175.046872326321,0.5720486023736
"415",185.930373832637,0.712376911236159,175.186516915579,0.572504957240454
"416",186.878799296876,0.716010725275387,173.015664831223,0.565410669383081
"417",182.713981683318,0.700053569667886,174.058947072545,0.56882008847237
"418",187.529279049535,0.718502984864121,175.900062668855,0.574836806107368
"419",189.389672404106,0.725630928751363,173.965274475108,0.568513968872903
"420",189.260037572183,0.725134243571583,176.37967277647,0.576404159400228
"421",187.848352684412,0.719725489212305,175.31206079234,0.572915231347518
"422",188.705793274958,0.723010702202904,175.711369585279,0.574220162043396
"423",187.416783901281,0.718071968970423,174.296691693564,0.569597031678313
"424",184.405909304967,0.706536050976885,174.584447804506,0.570537411125837
"425",187.476966005871,0.718302551746631,174.166859635885,0.569172743908122
"426",184.853690092323,0.708251686177485,173.438006131661,0.566790869711311
"427",185.352316081994,0.710162130582351,175.433233169764,0.573311219509031
"428",185.997423672383,0.712633807173881,176.160325362954,0.575687337787431
"429",185.925136720446,0.712356845672206,175.773425342337,0.574422958635087
"430",183.877021936393,0.704509662591545,172.856290964533,0.564889839753375
"431",186.957998487843,0.716314170451508,176.622435727807,0.577197502378453
"432",183.847093955553,0.704394995998286,173.39066208051,0.566636150589902
"433",190.686073743251,0.730597983690616,176.552105204584,0.576967664067267
"434",184.692584262723,0.70763442246254,175.274661387429,0.57279301107003
"435",187.050559961893,0.716668812114533,174.35826597171,0.569798254809509
"436",185.468361963052,0.710606750816293,175.242415740234,0.57268763313802
"437",187.916359250406,0.719986050767841,176.106965178606,0.575512958100018
"438",187.46780575978,0.718267455018314,174.477189375256,0.570186893383191
"439",187.11611658382,0.716919986911188,176.511796884264,0.576835937530273
"440",184.743391079735,0.707829084596687,173.394908330273,0.566650027223115
"441",186.190452228928,0.713373380187462,175.060652033554,0.572093634096582
"442",188.544055084729,0.722391015650304,174.010436698334,0.568661557837694
"443",185.724039388083,0.711586357808745,172.121284669611,0.562487858397421
"444",184.826665436202,0.708148143433725,175.271415752209,0.572782404418985
"445",186.774146673422,0.715609757369432,171.995055692162,0.562075345399223
"446",185.509845093062,0.710765690011732,174.050363402674,0.56879203726364
"447",188.922139875744,0.723839616382159,172.93743646881,0.565155021139902
"448",188.33917125619,0.721606020138661,174.58858047384,0.570550916581175
"449",186.166964436262,0.71328338864468,174.450280058911,0.570098954440884
"450",188.623619288404,0.722695859342545,173.740226005547,0.567778516357995
"451",189.134405031415,0.72465289284067,177.104863629063,0.578774064147265
"452",187.245173370118,0.717414457356775,175.085357063658,0.57217436948908
"453",188.896520136194,0.723741456460514,175.24312133994,0.572689939019413
"454",186.278415080921,0.713710402608892,176.69588465006,0.577437531536143
"455",187.870350956539,0.719809773779843,173.834008008087,0.568084993490481
"456",188.514041862191,0.722276022460503,175.870826327999,0.574741262509802
"457",185.92178012735,0.712343985162262,174.828814986358,0.571335996687443
"458",185.509426613081,0.710764086640158,174.602315978541,0.570595803851442
"459",185.287789903444,0.709914903844614,174.720445701204,0.570981848696745
"460",188.466942714604,0.722095565956337,174.563471750732,0.570468861930497
"461",184.542179220326,0.707058157932283,176.073874740733,0.575404819414161
"462",186.547357324164,0.714740832659634,174.106731170346,0.568976245654727
"463",187.59544103399,0.718756479057433,177.118681005002,0.578819218970595
"464",188.812086826796,0.72341795719079,173.59386243715,0.567300204042975
"465",189.070481099228,0.724407973560261,173.916827383321,0.568355645043534
"466",188.359919373144,0.721685514839632,173.948042999464,0.568457656860995
"467",187.108718902214,0.716891643303503,173.858657433962,0.568165547169811
"468",185.289615360652,0.709921897933532,174.718403397082,0.570975174500266
"469",185.570252854875,0.710997137374999,174.792675315156,0.571217893186786
"470",187.01155996932,0.716519386855633,174.031227490427,0.568729501602701
"471",184.531369136693,0.70701673998733,174.172510738713,0.569191211564422
"472",185.986063581212,0.712590281920354,173.065289302518,0.565572840857902
"473",187.919143970693,0.719996720194225,174.09782447751,0.568947138815393
"474",184.751902568962,0.707861695666521,173.506265541967,0.567013939679629
"475",187.985081972917,0.720249356218074,173.799090738462,0.567970884766217
"476",187.815210865302,0.71959850906246,175.069089739783,0.572121208299945
"477",185.866501744979,0.712132190593791,175.885411253876,0.57478892566626
"478",181.983463796175,0.697254650560056,173.858285660545,0.568164332224003
"479",186.559247342849,0.714786388286779,174.492879818812,0.570238169342523
"480",186.499085755903,0.714555884122233,175.499242173773,0.573526935208407
"481",185.128790997324,0.709305712633426,173.70209320862,0.567653899374575
"482",185.921419231752,0.712342602420504,174.161375699444,0.569154822547201
"483",187.078777344338,0.716776924690949,174.260408171066,0.56947845807538
"484",185.893028258131,0.712233824743796,175.770240518885,0.574412550715311
"485",186.401073502308,0.714180358246389,174.394797673739,0.569917639456663
"486",187.750439491725,0.719350342880172,174.289526893769,0.569573617299899
"487",185.422708682347,0.710431834031983,173.790888021186,0.567944078500608
"488",185.788601646795,0.711833722784653,175.15815397547,0.572412267893694
"489",186.337471358927,0.713936671873283,173.819958305667,0.568039079430284
"490",186.67050231058,0.715212652530959,174.580476487508,0.570524432965712
"491",185.135033620348,0.709329630729304,175.029150790274,0.571990688857103
"492",187.703489902119,0.719170459395093,177.487294703246,0.580023838899495
"493",185.412515153412,0.710392778365564,174.570840858014,0.570492943980437
"494",185.552099463819,0.710927584152564,174.565979906875,0.570477058519198
"495",185.31016081107,0.710000616134366,173.890260492207,0.568268825137933
"496",188.212002714774,0.721118784347792,175.2009900639,0.572552255110784
"497",186.091760131856,0.712995249547342,174.530070409059,0.570359707219146
"498",186.036814588088,0.71278473022256,174.692149871364,0.570889378664589
"499",186.126643627992,0.713128902789242,173.806688518452,0.567995714112587
"500",186.211574298766,0.713454307658106,173.30948558653,0.566370867929838
"501",185.754392596977,0.711702653628264,175.503980906257,0.573542421262279
"502",185.604483216317,0.711128288185122,176.30240582722,0.576151653030132
"503",187.472985626012,0.718287301249086,175.743940394336,0.574326602595868
"504",183.434726068495,0.702815042408025,173.943893172165,0.568444095333874
"505",184.902784500098,0.708439787356698,175.37877483059,0.57313325108036
"506",184.239431180486,0.705898203756652,175.071164661054,0.57212798908841
"507",185.506205983117,0.710751747061749,174.522842787058,0.570336087539405
"508",186.686002412666,0.715272039895271,172.53131112532,0.563827814135033
"509",186.057380162683,0.712863525527522,174.379699553038,0.569868299192935
"510",185.733713775037,0.711623424425427,176.17918168817,0.57574895976526
"511",185.11631188984,0.709257899961071,175.384615165889,0.57315233714343
"512",184.028808120719,0.705091218853329,174.574501058416,0.570504905419661
"513",188.161533280986,0.72092541486968,174.726581732544,0.571001901086745
"514",185.315662778423,0.710021696469054,173.844456577057,0.568119139140709
"515",184.893908385908,0.708405779256353,176.131507010081,0.575593160163665
"516",186.995217887152,0.716456773513992,174.358237088779,0.569798160420847
"517",185.224213042086,0.709671314337495,173.851411011693,0.568141866051283
"518",185.780865951281,0.711804084104527,174.100801707355,0.56895686832469
"519",186.859964541809,0.715938561462871,175.71794807435,0.574241660373693
"520",188.172678365095,0.720968116341359,176.844415130433,0.577922925262851
"521",186.648221519348,0.715127285514743,174.410025228735,0.569967402708286
"522",184.928484473288,0.708538254686927,176.979380302368,0.578363987916235
"523",184.410596411314,0.706554009238749,174.800809239065,0.571244474637467
"524",185.880623102501,0.712186295411883,173.353954539589,0.566516191305847
"525",186.58651355507,0.714890856532837,175.97154684383,0.575070414522321
"526",187.421819506812,0.718091262478205,174.045731123689,0.568776899097022
"527",186.684530454694,0.715266400209555,176.154536901934,0.575668421248149
"528",186.836132792706,0.715847252079333,175.138422156713,0.572347784825861
"529",183.692593374831,0.70380303975031,173.450821227634,0.566832749109916
"530",185.406346507368,0.710369143706392,173.425126540809,0.566748779545127
"531",185.662058574833,0.711348883428478,177.280009376049,0.579346435869441
"532",185.624090686737,0.711203412592863,175.877561206921,0.574763271918044
"533",184.543922448186,0.707064836966228,174.343112730185,0.569748734412369
"534",185.26299980005,0.709819922605556,173.964907537085,0.568512769729037
"535",188.056485886504,0.720522934431049,177.667857690949,0.58061391402271
"536",187.669077128533,0.719038609687866,174.615252714974,0.570638080767888
"537",185.338654152423,0.71010978602461,175.116752386879,0.572276968584571
"538",186.218778445367,0.713481909752365,175.700496950253,0.574184630556382
"539",186.112379219913,0.713074249884724,173.192469334984,0.565988461879034
"540",187.715066606653,0.719214814584878,175.765234607402,0.574396191527459
"541",186.191775210238,0.71337844908137,172.899904043436,0.56503236615502
"542",188.103480514111,0.720702990475521,177.741024119806,0.580853019999366
"543",185.317521451563,0.710028817822081,177.012893591542,0.578473508469093
"544",183.145457284281,0.701706732889965,175.521664567028,0.57360021100336
"545",185.669469069971,0.711377276130157,174.26339432901,0.569488216761472
"546",187.212973083724,0.717291084611968,176.938896451381,0.578231687749613
"547",184.910821554156,0.708470580667266,174.224842241507,0.569362229547409
"548",186.49306466924,0.714532814824673,175.305555792979,0.572893973179669
"549",187.756814277754,0.719374767347715,177.757507704098,0.58090688792189
"550",183.535341249578,0.703200541186122,175.90256975575,0.574844999201797
"551",186.840595717491,0.715864351408013,173.295333134881,0.566324618087845
"552",188.263286851608,0.721315275293518,174.040705180057,0.568760474444631
"553",183.810178744683,0.704253558408749,174.600420377718,0.570589609077509
"554",186.003330689612,0.7126564394238,175.334234811498,0.57298769546241
"555",189.289121908837,0.725245677811635,173.548305357242,0.567151324696869
"556",186.575720968758,0.714849505627425,173.126960330318,0.565774380164437
"557",186.642853404335,0.71510671802427,174.789399563296,0.571207188115347
"558",186.328695968641,0.71390304968828,175.585654720523,0.573809329152037
"559",185.374580264575,0.710247433963888,174.346223675403,0.56975890090001
"560",187.292646872,0.717596348168583,174.087467172927,0.568913291414793
"561",185.650773487399,0.71130564554559,175.481246297804,0.573468125156223
"562",187.654875753988,0.718984198291141,174.824943153344,0.571323343638379
"563",186.710425630052,0.715365615440813,175.733360320147,0.574292027190024
"564",185.856419758679,0.712093562293789,172.24639709299,0.56289672252611
"565",188.490028333728,0.722184016604322,175.374815530222,0.573120312190269
"566",186.617884873952,0.715011053156906,177.161623049971,0.578959552450887
"567",186.754514535787,0.715534538451289,174.745916701646,0.571065087260282
"568",184.110178190774,0.705402981573847,176.177798727165,0.575744440284852
"569",188.08716045392,0.720640461509272,173.208298635374,0.566040191618868
"570",187.744730987582,0.719328471216788,172.205726039378,0.562763810586202
"571",187.91769413604,0.719991165272184,176.415636048056,0.576521686431554
"572",187.97158478773,0.720197642864864,177.255974870358,0.579267891733197
"573",190.100122178845,0.728352958539636,172.829473009269,0.564802199376695
"574",190.260989421954,0.728969308130092,176.035776644378,0.575280315831301
"575",187.373279365101,0.717905284923758,173.541055348624,0.567127631858248
"576",187.11042674326,0.716898186755784,175.349501291893,0.573037585921218
"577",184.029075663507,0.705092243921481,177.074617432455,0.5786752203675
"578",185.873526718588,0.712159106201487,174.045453201719,0.568775990855292
"579",187.050734761587,0.716669481845161,175.872036582889,0.57474521759114
"580",187.783174817564,0.719475765584537,175.006621184559,0.571917062694637
"581",187.491618972025,0.718358693379408,174.611098899497,0.570624506207508
"582",186.461002661055,0.714409971881436,171.552142866272,0.560627917863635
"583",187.669056041714,0.719038528895458,175.689745352913,0.574149494617363
"584",186.177329265978,0.71332310063593,175.084044195326,0.572170079069692
"585",188.347145823942,0.721636574038093,176.022117989334,0.575235679703707
"586",187.483377238038,0.718327115854553,174.913361479183,0.571612292415632
"587",187.274223502531,0.717525760546096,173.976762758494,0.568551512282661
"588",183.67779226385,0.703746330512837,176.188819362748,0.575780455433816
"589",184.990731171104,0.708776747782006,173.265800767508,0.566228107083358
"590",190.853204303052,0.731238330663033,171.670028963324,0.561013166546811
"591",190.357468265817,0.729338958872862,176.941798216687,0.578241170642767
"592",186.913844817123,0.716144999299322,175.248033783944,0.572705992757987
"593",185.48249350402,0.710660894651418,175.152389001983,0.572393428111056
"594",183.012335799947,0.701196688888686,173.737371185868,0.567769186881922
"595",184.457097851933,0.706732175677905,174.146564288065,0.569106419242042
"596",187.092740204279,0.716830422238617,175.941120868535,0.574970983230507
"597",186.245513703853,0.713584343692925,175.172355343446,0.572458677592962
"598",186.571127152491,0.714831904798817,172.794207636563,0.564686953060664
"599",187.523952093846,0.718482575072208,174.445045039867,0.570081846535513
"600",185.907964662627,0.712291052347229,176.926457069005,0.578191036173221
"601",184.099149078356,0.705360724438146,174.245409348133,0.56942944231416
"602",186.68798544125,0.71527963770594,173.554210213702,0.567170621613406
"603",184.925887485,0.708528304540229,176.077819040204,0.575417709281712
"604",186.945238352579,0.716265281044366,177.006223654258,0.578451711288425
"605",185.887479274877,0.712212564271558,174.763431975684,0.571122326717922
"606",186.21063248699,0.71345069918387,174.68587516191,0.570868873078138
"607",188.600205088316,0.722606149763663,177.307649722055,0.579436763797565
"608",184.480560803705,0.706822072044845,174.635748951665,0.570705061933545
"609",185.890437884196,0.712223899939447,172.826157960049,0.564791365882512
"610",185.837572139631,0.712021349193988,174.011388313598,0.568664667691497
"611",187.043109795505,0.716640267415726,174.132808320052,0.56906146509821
"612",185.908011647003,0.712291232363996,174.746619216713,0.571067383061152
"613",183.825395286096,0.704311859333703,171.867322021127,0.561657915101723
"614",185.976092099005,0.712552077007683,173.802037985659,0.567980516293003
"615",185.861608033308,0.712113440740644,172.85912595414,0.564899104425294
"616",185.689724731629,0.711454884029231,175.834273835295,0.574621809919265
"617",186.357368903537,0.714012907676388,172.66987213385,0.564280627888398
"618",187.181714320318,0.717171319234933,173.921372845018,0.568370499493523
"619",187.123788424915,0.716949380938372,173.63768599837,0.567443418295327
"620",185.42479568057,0.710439830193753,175.607512725279,0.573880760540127
"621",187.172502250241,0.717136023947282,173.547369518333,0.567148266399781
"622",183.337037677652,0.70244075738564,173.538832128647,0.567120366433487
"623",184.12809439382,0.70547162602996,174.129536121962,0.569050771640397
"624",188.0958038272,0.720673577881991,173.326144824693,0.566425309884618
"625",185.999083207523,0.712640165546067,174.949010083929,0.57172879112395
"626",189.852482169182,0.727404146242078,176.201657460958,0.575822410003132
"627",188.794698252265,0.723351334299866,175.975810370822,0.575084347617065
"628",186.232193559027,0.713533308655275,176.362658593054,0.576348557493639
"629",185.722073769564,0.711578826703311,176.729332281429,0.57754683752101
"630",185.597071367443,0.711099890296715,174.211528543948,0.569318720731856
"631",187.796588021218,0.719527157169419,173.269751615973,0.566241018352854
"632",186.928908661774,0.716202715179211,176.505077459318,0.576813978625222
"633",184.584287117085,0.707219490870059,173.907756836978,0.568326002735221
"634",184.531296820833,0.707016462915068,172.661280904939,0.564252551976924
"635",187.478251616094,0.718307477456299,174.125803302927,0.569038572885384
"636",182.816268950517,0.700445474906196,174.652236556118,0.570758942993848
"637",185.273820700773,0.7098613819953,174.107893168778,0.568980043035224
"638",187.905315684959,0.719943738256548,176.77188252656,0.577685890609672
"639",185.24538679939,0.709752439844405,175.203249700953,0.572559639545597
"640",187.906602781267,0.719948669660028,174.527666638718,0.570351851760517
"641",185.770832555868,0.711765641976506,174.72097118698,0.570983565970524
"642",186.07701448404,0.712938752812414,173.681408886437,0.567586303550447
"643",186.846874435822,0.715888407800084,177.28103824885,0.579349798198856
"644",184.360004886178,0.706360171977693,175.426867459845,0.573290416535441
"645",187.106460644317,0.716882990974395,177.809124623471,0.581075570664937
"646",187.104628509472,0.71687597130066,175.420142431827,0.573268439319697
"647",188.128234923891,0.720797834957439,175.442471287742,0.573341409437065
"648",184.419396062844,0.706587724378713,172.584758565093,0.564002478970891
"649",187.422612620535,0.718094301228102,174.985702276822,0.571848700251053
"650",189.901037305779,0.727590181248197,174.042404511261,0.568766027814579
"651",183.956801768975,0.704815332448181,174.525651228602,0.570345265452948
"652",190.473748817953,0.729784478229706,174.89590545324,0.571555246579214
"653",186.69546982455,0.715308313504024,173.82617299847,0.568059388883891
"654",187.223062803478,0.717329742542062,173.393965169117,0.566646944997113
"655",185.155017015727,0.709406195462557,175.23511600604,0.572663777797517
"656",187.9657399895,0.720175249001916,175.266441738338,0.572766149471692
"657",185.217309593693,0.709644864343653,175.393771302218,0.573182259157576
"658",185.922171727377,0.712345485545507,175.849515269108,0.574671618526498
"659",184.115432738186,0.705423113939411,174.46534569682,0.570148188551699
"660",186.247322085574,0.71359127235852,176.881951081281,0.578045591768892
"661",186.025527862673,0.712741486063881,174.29939292679,0.569605859237875
"662",188.737083282142,0.7231305872879,175.75639017065,0.574367288139378
"663",184.756626063411,0.707879793346401,172.988814269074,0.565322922447956
"664",184.283974996045,0.706068869716647,173.7531939702,0.56782089532745
"665",187.126825438113,0.716961017004264,174.94718199122,0.571722816964771
"666",185.86833796937,0.712139225936282,173.74452257995,0.567792557450817
"667",183.00565181998,0.701171079770039,172.982155256676,0.56530116096953
"668",187.936237752187,0.720062213609914,175.35705719574,0.573062278417451
"669",186.900961992316,0.716095639817302,176.977784961247,0.578358774383161
"670",187.924876325086,0.720018683237877,177.39817232983,0.57973258931317
"671",185.455177403669,0.710556235263098,174.813768170275,0.571286824085866
"672",186.847941613798,0.71589249660459,175.817661849043,0.574567522382495
"673",185.678257624542,0.711410948753035,174.607630870239,0.570613172778558
"674",188.559576198845,0.722450483520481,175.179118628923,0.572480779833083
"675",183.565823581111,0.703317331728396,176.15697930682,0.575676402963465
"676",186.264881055289,0.713658548104556,173.613715543976,0.567365083477047
"677",186.667540811723,0.715201305792041,174.111892849519,0.568993113887317
"678",189.429934603102,0.725785190050201,175.739889546338,0.574313364530518
"679",188.423982206063,0.721930966306755,174.913279107207,0.571612023226167
"680",187.452235513415,0.718207798901974,177.277431780547,0.579338012354728
"681",187.121158380854,0.716939304141204,174.936380631634,0.571687518404033
"682",189.700287141136,0.726821023529255,176.342556646398,0.576282864857509
"683",188.181130837786,0.721000501294198,174.412568146224,0.569975712896156
"684",186.493284437847,0.714533656849989,174.167214825758,0.569173904659341
"685",186.215045089597,0.713467605707268,176.606171442514,0.577144351119328
"686",185.825053300972,0.711973384294913,173.818164915748,0.568033218678916
"687",185.280843230798,0.709888288240605,172.887413114884,0.564991546127071
"688",186.735591858589,0.715462037772372,174.371322420566,0.569840922943025
"689",185.558513249366,0.710952158043548,174.144188196137,0.56909865423574
"690",188.852086780194,0.723571213717218,174.823590952061,0.571318924679939
"691",185.600288326715,0.711112215811169,174.509886751212,0.570293747552981
"692",186.21725267168,0.713476063876168,175.230099521105,0.572647384055899
"693",185.427326956455,0.710449528568794,175.290242112608,0.572843928472576
"694",187.915303181837,0.719982004528109,175.14204919756,0.572359637900522
"695",182.72763093232,0.700105865641073,173.476613549014,0.566917037741876
"696",185.149988915592,0.70938693071108,172.252839708133,0.562917776823963
"697",187.033649605284,0.716604021476183,175.958002760794,0.575026152813051
"698",187.81791163871,0.719608856853294,174.960660998983,0.571766866009748
"699",184.358202204302,0.706353265150583,175.721045965053,0.574251784199518
"700",186.997050457434,0.716463794856068,175.645153149517,0.574003768462474
"701",190.403881446724,0.7295167871522,173.965981320809,0.568516278826174
"702",187.077131795117,0.716770619904665,175.886517598414,0.574792541171289
"703",189.125114099026,0.724617295398567,175.430637025157,0.573302735376329
"704",184.377310308592,0.70642647627813,174.101180041541,0.568958104710919
"705",186.645996265622,0.7151187596384,173.141438668525,0.56582169499518
"706",185.729792124077,0.711608398942823,175.455508909476,0.57338401604404
"707",185.972998458767,0.712540223979951,176.879386780892,0.578037211702262
"708",190.167654458835,0.728611702907413,175.401732347743,0.57320827564622
"709",185.753574500296,0.711699519158223,176.127232304887,0.575579190538847
"710",184.250180596103,0.7059393892571,175.464742340853,0.573414190656384
"711",187.678607225753,0.719075123470318,175.202351292266,0.572556703569497
"712",186.300868245091,0.71379643005782,174.932299768659,0.571674182250519
"713",184.735343696044,0.707798251708982,174.808608169818,0.571269961339276
"714",188.774612696039,0.723274378145744,174.316153785366,0.569660633285511
"715",187.455305675079,0.718219561973484,175.739948778945,0.574313558101127
"716",184.28862153394,0.70608667254383,173.90122403179,0.568304653698661
"717",186.088194524325,0.712981588215804,173.757701630016,0.567835626241881
"718",185.492040994144,0.710697475073349,172.823378183658,0.564782281645941
"719",186.519693268679,0.714634840109882,174.982960372554,0.571839739779587
"720",187.003929890746,0.716490152838106,173.1642105606,0.565896112943137
"721",185.845861993667,0.712053111086848,175.885910073089,0.574790555794409
"722",184.177794874112,0.7056620493261,175.703004703418,0.574192825828163
"723",186.973217333233,0.716372480203957,174.877548409681,0.571495256240789
"724",186.662558397817,0.715182216083592,175.850876462958,0.574676066872412
"725",187.176273759911,0.717150474175906,175.253691493939,0.572724482006337
"726",185.884135258085,0.712199751946684,173.96390799234,0.56850950324294
"727",184.34447814318,0.706300682540919,176.090785176506,0.575460082276162
"728",186.239472393536,0.7135611969101,176.877621852774,0.578031443963314
"729",186.157218702778,0.713246048669647,173.622233086581,0.567392918583599
"730",187.909687331498,0.719960487860144,175.263120007204,0.572755294141189
"731",187.250848727992,0.717436202022957,174.626522692634,0.570674910760242
"732",186.802314888436,0.71571768156489,173.826778158963,0.568061366532558
"733",188.784161961465,0.723310965369597,173.65669159389,0.567505528084609
"734",187.471843858733,0.71828292666181,174.681736627224,0.57085534845498
"735",184.929795795208,0.708543278908842,174.787369677019,0.571200554500061
"736",184.453870795095,0.706719811475458,176.236934810339,0.575937695458623
"737",187.006013364484,0.716498135496108,173.454423597758,0.566844521561301
"738",185.397543418534,0.710335415396681,174.567214023256,0.570481091579267
"739",187.356867666629,0.717842404852984,177.189702302596,0.579051314714367
"740",185.442009961717,0.710505785293934,176.085158290559,0.575441693759997
"741",188.059716410902,0.720535311919166,175.371164201705,0.573108379744134
"742",186.887159829443,0.716042757967216,173.548381146811,0.567151572375201
"743",184.611153959476,0.707322428963508,173.732531696074,0.567753371555798
"744",185.876284793356,0.712169673537764,174.760068559222,0.571111335160857
"745",186.667070205133,0.715199502701658,170.212957364022,0.556251494653666
"746",185.236579362906,0.709718694877035,176.097879967038,0.575483267866137
"747",187.758397455752,0.719380833163801,176.508719027346,0.576825879174332
"748",183.695515599113,0.703814236011926,173.678669333263,0.567577350762297
"749",184.92567164451,0.708527477565171,174.765205004125,0.571128120928512
"750",188.223943282217,0.72116453364834,176.083396018797,0.575435934701952
"751",187.503552885079,0.71840441718421,175.420269075912,0.573268853189256
"752",185.434589791384,0.710477355522544,174.585009940887,0.570539248172833
"753",186.807029771889,0.715735746252449,174.258607830405,0.569472574609168
"754",187.121074506908,0.716938982785087,175.922686803713,0.574910741188604
"755",185.202897358712,0.709589645052535,176.518006649396,0.576856230880378
"756",185.116215330774,0.709257530002965,175.125384677188,0.572305178683622
"757",184.543673018489,0.707063881296893,175.425331538279,0.573285397183918
"758",188.592808882568,0.722577811810604,174.52529490438,0.570344100994706
"759",188.799639666184,0.723370266920245,175.046853202457,0.572048539877311
"760",188.570565633867,0.722492588635504,177.29369427948,0.579391157776077
"761",188.783115603234,0.723306956334229,175.897770937303,0.57482931678857
"762",187.187531867595,0.717193608688103,174.271497468633,0.569514697609911
"763",184.792809181447,0.708018425982555,173.467113693635,0.56688599246286
"764",185.792589521873,0.711849001999512,174.380214007156,0.569869980415541
"765",187.840251086559,0.719694448607505,175.379711941307,0.573136313533683
"766",190.047412363077,0.728151005222517,177.117569438849,0.578815586401467
"767",184.378370748975,0.706430539268104,174.053889625214,0.568803560866713
"768",186.066011119989,0.712896594329458,174.080147081155,0.568889369546258
"769",185.248477890762,0.709764283106369,172.735639157588,0.564495552802576
"770",185.492046684516,0.710697496875542,172.064573085595,0.562302526423512
"771",186.357371968637,0.714012919420066,176.63489055027,0.577238204412648
"772",186.656922958314,0.715160624361356,177.786731807452,0.58100239152762
"773",184.319919738381,0.706206589035944,172.364634158553,0.563283118165205
"774",188.692446772618,0.722959566178615,175.684738070796,0.574133130950314
"775",185.426564662824,0.710446607903538,175.100840033195,0.572224967428742
"776",184.538399771435,0.707043677285192,173.714683910769,0.567695045460031
"777",187.431807553468,0.7181295308562,174.260592984729,0.569479062041598
"778",186.983500845426,0.716411880633815,174.720644935468,0.570982499789112
"779",186.202422486303,0.713419243242539,175.210564540481,0.572583544249939
"780",186.565885263714,0.71481182093377,173.611822890656,0.567358898335476
"781",186.773197666637,0.715606121328111,177.507112212013,0.580088602000042
"782",189.594582033361,0.726416023116326,174.825621824806,0.571325561518975
"783",184.249132588459,0.705935373902141,176.823055867426,0.577853123749759
"784",189.662595359692,0.726676610573534,173.08946398561,0.565651843090228
"785",186.696785264512,0.715313353503877,176.352360528265,0.576314903687142
"786",186.521996054877,0.714643663045507,173.671654303206,0.567554425827469
"787",185.8016871633,0.711883858863218,174.679199630217,0.570847057615089
"788",185.079517566361,0.709116925541612,173.280835155724,0.566277239070994
"789",188.369090058515,0.721720651565193,176.486497750289,0.576753260621861
"790",187.306584136231,0.717649747648395,174.039655951988,0.568757045594733
"791",186.892731015572,0.716064103507939,174.578178712826,0.570516923898124
"792",185.557473212479,0.71094817322789,177.013061379639,0.578474056796207
"793",182.766485053225,0.700254732004693,172.264586106777,0.562956163747637
"794",186.816284699247,0.715771205744242,176.259940690259,0.57601287807274
"795",186.015565165512,0.712703314810392,174.973641355911,0.571809285476833
"796",188.137508231267,0.720833364870754,175.416492342427,0.573256510922964
"797",185.783369543107,0.711813676410371,172.872546405228,0.564942962108589
"798",185.202613838249,0.709588558767237,175.620515438989,0.573923253068591
"799",187.328661776628,0.717734336308918,173.571127520948,0.567225906931204
"800",187.916413498481,0.719986258614868,175.907448789988,0.57486094375813
"801",188.372478112157,0.721733632613627,179.477734906325,0.586528545445505
"802",188.486846186523,0.722171824469437,177.652632683456,0.58056415909626
"803",187.711408288856,0.719200798041594,175.629237338955,0.573951756009656
"804",184.485391216396,0.706840579373163,176.613770002245,0.577169183013873
"805",187.144965853643,0.717030520512042,176.565271476831,0.577010691100755
"806",188.273548627677,0.721354592443207,173.161902683279,0.56588857086039
"807",185.947200648117,0.712441381793552,173.974007881472,0.568542509416576
"808",187.160481934955,0.717089969099444,174.440833177037,0.5700680822779
"809",185.997729387307,0.71263497849543,174.698133274347,0.570908932269109
"810",185.065617869562,0.709063669998322,173.898196412643,0.568294759518442
"811",185.166004335224,0.709448292472122,176.876874601051,0.57802900196422
"812",188.790175411276,0.723334005407188,173.815779389969,0.568025422843036
"813",188.654857915704,0.722815547569745,177.363963423231,0.579620795500754
"814",186.066502249931,0.712898476053375,173.987992138899,0.568588209604246
"815",190.999510390058,0.731798890383363,175.161257132226,0.572422408928843
"816",181.540597424406,0.695557844537955,174.047696114605,0.568783320635962
"817",183.734977087748,0.703965429454973,175.464180239135,0.573412353722664
"818",184.828757994409,0.70815616089812,174.040939740983,0.568761240983605
"819",187.079822800645,0.716780930270669,174.225906038002,0.569365706006543
"820",185.537120556313,0.710870193702348,174.700710265491,0.570917353808793
"821",187.418897842617,0.718080068362517,175.394773107529,0.573185533031142
"822",187.934362483051,0.720055028670694,175.300173345813,0.572876383483047
"823",189.509432548603,0.726089779879704,177.625376618602,0.580475086988896
"824",188.088701031729,0.720646364106241,175.37436518606,0.573118840477321
"825",187.670681586245,0.719044757035423,174.966882829966,0.571787198790739
"826",183.351881056941,0.702497628570655,173.990586558642,0.568596688100137
"827",184.360480336275,0.706361993625574,176.531024872841,0.576898774094253
"828",187.819774797547,0.719615995392901,176.252735159746,0.575989330587406
"829",186.615644441746,0.715002469125464,177.118361700626,0.578818175492242
"830",186.013245576443,0.712694427495949,174.05610871292,0.568810812787321
"831",184.054639707731,0.705190190451075,175.241185134767,0.572683611551527
"832",184.647804118235,0.70746285102772,172.130355412795,0.562517501349002
"833",183.728067197213,0.703938954778595,175.233617328196,0.572658880157505
"834",186.568054364213,0.714820131663651,174.383437085427,0.569880513351067
"835",189.201924403936,0.724911587754543,173.161306657725,0.565886623064461
"836",186.22433750851,0.713503208844864,174.915096827617,0.571617963488945
"837",186.354154223455,0.714000590894463,175.634306128395,0.57396832068103
"838",188.255504000213,0.721285455939514,174.983564634097,0.571841714490515
"839",185.861945270861,0.712114732838548,176.82083007859,0.577845849930032
"840",185.574270006867,0.711012528761942,174.834592579813,0.571354877711807
"841",187.425551594854,0.718105561666107,176.521386727988,0.576867276888851
"842",188.087800244532,0.720642912814301,176.048319605196,0.575321305899333
"843",186.794176673871,0.715686500666171,174.292519770415,0.569583397942533
"844",186.434006718363,0.714306539150816,173.884341364804,0.568249481584326
"845",185.061863158227,0.709049284131138,174.736371590493,0.571033894086579
"846",185.816705580224,0.711941400690514,174.368029698521,0.569830162413469
"847",185.244658611499,0.709749649852485,174.860056283997,0.571438092431362
"848",186.305386422748,0.713813741083325,175.27699601641,0.572800640576503
"849",187.895328583385,0.719905473499558,174.601841682498,0.570594253864372
"850",185.484595503176,0.710668948288031,174.903527705994,0.57158015590194
"851",185.720300393279,0.711572032158156,175.329750570314,0.572973041079458
"852",185.853988489483,0.71208424708614,177.482680123945,0.580008758574984
"853",186.322670022554,0.713879961772237,175.338784205705,0.573002562763743
"854",189.610110629474,0.726475519653158,174.565018203714,0.570473915698411
"855",187.881866176836,0.719853893397839,176.231609592001,0.575920292784318
"856",187.777237387024,0.71945301680852,175.248642265422,0.572707981259548
"857",187.116290181136,0.716920652035003,175.273170402647,0.572788138570743
"858",187.74796348286,0.719340856256168,176.334267635375,0.576255776586192
"859",186.751451226031,0.715522801632302,174.964915279928,0.571780768888654
"860",187.821705379122,0.719623392257174,175.433424530069,0.573311844869505
"861",185.363032768212,0.710203190682803,175.802595231892,0.574518285071542
"862",185.664040587061,0.711356477345062,173.519764257062,0.567058053127654
"863",187.000888845521,0.716478501323837,175.451279719176,0.573370195160705
"864",184.937814290301,0.708574001112263,172.884815981358,0.564983058762607
"865",185.933022816142,0.712387060598246,175.022689142099,0.5719695723598
"866",184.862757896521,0.708286428722301,173.497294325829,0.566984621979833
"867",187.701121014894,0.719161383198826,176.237448040734,0.575939372682137
"868",185.922546833474,0.712346922733617,176.386235749161,0.576425607023403
"869",186.946683806117,0.716270819180524,176.358229704858,0.576334084002805
"870",186.565433849924,0.714810091379019,175.01797567885,0.571954168885132
"871",188.454326414744,0.722047227642697,175.710276569406,0.574216590096097
"872",184.992989656819,0.708785400983979,174.672355457572,0.570824691037818
"873",184.770927783004,0.707934589206911,173.832765121434,0.568080931769391
"874",187.361306351384,0.717859411307984,172.519051859788,0.563787751175777
"875",187.190944498713,0.717206683903114,175.163941254576,0.572431180570511
"876",185.84777250193,0.712060431041878,174.102256768827,0.568961623427539
"877",187.000353150565,0.716476448852739,177.036068082172,0.578549242098603
"878",182.087687707631,0.697653975891308,176.089263083895,0.575455108117302
"879",187.926081628777,0.720023301259682,175.88752708492,0.574795840146797
"880",185.255380742392,0.709790730813764,176.619616224442,0.577188288315169
"881",186.770502749865,0.715595795976494,174.027128774928,0.568716107107608
"882",186.108275101069,0.713058525291453,173.978692688243,0.568557819242625
"883",184.508700064775,0.706929885305653,174.311542900635,0.569645565034755
"884",185.071060176528,0.709084521749149,176.203206580944,0.575827472486746
"885",186.170961695791,0.71329870381529,173.018767376342,0.565420808419417
"886",186.511747554462,0.714604396760392,177.532087483221,0.580170220533403
"887",182.787592727374,0.70033560431944,174.491912176618,0.570235007113131
"888",182.596393250032,0.699603039272152,172.499996887191,0.563725480023501
"889",186.521837823397,0.714643056794624,172.540740107778,0.563858627803197
"890",189.111896156855,0.724566651941973,175.422839528703,0.573277253361776
"891",186.196176634926,0.713395312777496,175.597370654234,0.573847616517105
"892",187.080994484039,0.716785419479075,175.010684357252,0.571930341036772
"893",188.303546656346,0.72146952741895,175.834665663337,0.574623090403061
"894",186.725202676522,0.715422232477094,173.967988356762,0.568522837767197
"895",188.134944814762,0.720823543351578,174.985378549925,0.571847642320018
"896",185.762670848139,0.711734371065666,174.848969035857,0.571401859594305
"897",187.597608184898,0.718764782317615,176.924141997175,0.578183470579003
"898",187.580872437369,0.718700660679576,174.535841595656,0.570378567306065
"899",185.296172539921,0.709947021225751,174.32227050441,0.569680622563431
"900",187.158182241424,0.717081158013118,178.192378266087,0.582328033549303
"901",186.300937678699,0.713796696086968,175.343938490175,0.573019406830638
"902",187.809702790582,0.719577405327902,175.428134496891,0.573294557179383
"903",184.856205394467,0.708261323350449,173.068648621104,0.565583819023215
"904",187.282427944618,0.717557195190106,176.94312005605,0.578245490379249
"905",185.726876119308,0.711597226510757,175.271824497827,0.572783740188977
"906",186.890619069987,0.716056011762403,176.482603861364,0.576740535494653
"907",186.17242012637,0.713304291671917,176.757438744558,0.577638688707707
"908",183.487678401556,0.703017924910178,174.407442896792,0.569958963715007
"909",189.252621657232,0.725105830104335,175.91637049595,0.574890099659968
"910",184.124239830454,0.705456857587948,176.799558302748,0.577776334322706
"911",185.16749251698,0.709453994317932,176.774260308787,0.577693661139827
"912",187.257287724342,0.717460872507059,177.267282709765,0.579304845456749
"913",187.344608159085,0.717795433559712,175.377313909237,0.573128476827572
"914",186.666776756128,0.715198378375969,173.824481175024,0.568053860049098
"915",186.663357621187,0.715185278242097,177.785406564612,0.580998060668667
"916",185.404834744407,0.710363351511137,175.65762720263,0.574044533341929
"917",185.819523441993,0.711952197095759,173.824336388439,0.568053386890325
"918",185.267366994029,0.709836655149537,175.218030112336,0.572607941543583
"919",184.800775083078,0.708048946678461,174.375835536565,0.569855671688123
"920",186.730904200223,0.715444077395491,175.652825441021,0.574028841310527
"921",185.026134947525,0.708912394434962,174.288759967371,0.56957111100448
"922",188.440415715772,0.721993929945487,175.332483609668,0.572981972580616
"923",184.963623006955,0.708672885084117,173.068063491542,0.565581906835105
"924",186.355153696145,0.714004420291743,174.751827963892,0.571084405110758
"925",187.261544659294,0.717477182602658,177.033459453603,0.578540717168637
"926",189.173152841161,0.724801351881843,174.706367305202,0.570935840866672
"927",188.653809513553,0.722811530703267,177.814756457759,0.581093975352154
"928",184.64103802838,0.707436927311802,174.149940011587,0.569117451018257
"929",188.68689525723,0.722938296004712,176.415231020823,0.576520362813145
"930",188.989655118062,0.724098295471501,176.14872109299,0.57564941533657
"931",188.666129817483,0.722858734932887,172.16362465841,0.562626224373887
"932",185.736525405234,0.711634196954919,176.773707057132,0.577691853127882
"933",184.782646514536,0.707979488561442,174.180590389338,0.569217615651432
"934",183.00899076303,0.701183872655288,173.265523267429,0.566227200220356
"935",188.742515537728,0.723151400527693,174.990823845623,0.571865437403998
"936",184.401069316596,0.706517506960136,174.837562205933,0.57136458237233
"937",184.399216594292,0.706510408407249,175.096094828501,0.572209460223861
"938",186.2654442579,0.713660705968964,173.784657618093,0.567923717706188
"939",186.773260117601,0.715606360603836,177.099384677917,0.578756159078159
"940",187.725672888753,0.719255451681046,175.601068182503,0.573859699942821
"941",184.559460203385,0.707124368595345,173.947246730805,0.568455054675832
"942",188.574706661908,0.722508454643327,175.683029997454,0.574127549011289
"943",184.588336682077,0.707235006444738,174.154429309914,0.569132121927823
"944",186.880168779139,0.716015972333866,176.915237249276,0.578154370095674
"945",189.277110300272,0.725199656322881,173.966477095961,0.56851789900641
"946",187.550438944261,0.718584057257706,175.503076716792,0.573539466394746
"947",188.118156327549,0.720759219645781,174.357851271198,0.569796899579078
"948",185.071332683867,0.709085565838573,173.530776717321,0.567094041559873
"949",184.904528508879,0.708446469382678,173.680814821175,0.567584362160704
"950",186.815085682309,0.715766611809615,174.057587863243,0.568815646611905
"951",186.830607940991,0.715826084065101,175.880244553383,0.574772041024126
"952",188.43749357294,0.721982733995937,175.429352042439,0.573298536086403
"953",188.422456634368,0.721925121204475,176.035369587137,0.575278985578878
"954",186.638988396734,0.71509190956603,175.28278764739,0.572819567475132
"955",185.645740957382,0.711286363821388,172.966707384757,0.565250677727963
"956",183.447522108515,0.702864069381285,176.711838387939,0.577489667934442
"957",187.439610953823,0.718159428941852,175.088822459836,0.57218569431319
"958",185.446272362005,0.71052211632952,174.9424259388,0.571707274309803
"959",186.91656622997,0.716155426168468,172.498563867409,0.563720796952316
"960",185.368549298961,0.710224326815943,178.633290815115,0.583768924232403
"961",187.251923098839,0.717440318386357,173.476223654685,0.566915763577401
"962",186.070197862036,0.712912635486728,175.106208989988,0.572242513039176
"963",188.194452579797,0.721051542451328,173.432437774907,0.566772672467015
"964",186.570479484196,0.714829423311096,175.140836283635,0.572355674129525
"965",184.50168107871,0.706902992638737,176.078608489866,0.575420289182569
"966",190.414638878721,0.729558003366746,173.912928385766,0.568342903221456
"967",187.361530037803,0.717860268344071,173.545542952902,0.567142297231707
"968",187.43652202252,0.718147593956016,178.198986818883,0.582349630127068
"969",184.842525026259,0.708208908146587,172.801934630772,0.564712204675724
"970",186.273182959669,0.713690356167315,175.474407683967,0.573445776744992
"971",189.458721595877,0.725895485041675,177.828464238045,0.581138772019755
"972",187.69834300818,0.719150739494941,174.392885428665,0.569911390289755
"973",186.521944159875,0.71464346421408,173.373066087044,0.566578647343281
"974",187.469911641006,0.718275523528758,173.280899408146,0.566277449046228
"975",187.599379780474,0.718771570040131,175.712105195644,0.574222565998837
"976",187.348361740242,0.717809815096711,174.121007185458,0.569022899298883
"977",186.091382932851,0.712993804340426,174.408456126142,0.569962274922033
"978",186.624487330865,0.715036349926687,173.068709214162,0.565584017039745
"979",186.283877988937,0.713731333290947,174.242424757332,0.56941968874945
"980",186.878612963324,0.716010011353732,173.357025844484,0.566526228249948
"981",187.044097584849,0.716644052049228,175.720799784929,0.574250979689311
"982",184.296861205977,0.706118242168493,175.364915045603,0.57308795766537
"983",187.763964949283,0.71940216455664,175.302796033288,0.572884954357152
"984",186.568151667558,0.714820504473403,175.788042947171,0.574470728585527
"985",188.964208334266,0.724000798215577,172.949634984176,0.565194885569204
"986",187.00857155185,0.716507936980268,173.628415457247,0.567413122409303
"987",188.834188630578,0.723502638431332,175.341572758044,0.573011675679881
"988",186.665060410559,0.715191802339305,174.631126674139,0.570689956451433
"989",187.423696825478,0.71809845527003,174.441584501286,0.570070537585902
"990",185.596989290401,0.711099575825289,173.322075331216,0.566412010886328
"991",186.828878089654,0.715819456282199,174.644839173304,0.570734768540208
"992",185.241924242544,0.70973917334308,173.413635428071,0.566711226889122
"993",184.30432468312,0.70614683786636,173.228479265171,0.566106141389446
"994",185.358240807535,0.710184830680209,172.258744373861,0.562937073117192
"995",185.079319705333,0.709116167453384,173.323596623487,0.566416982429694
"996",187.174095073624,0.717142126718865,171.618508514785,0.560844799067924
"997",184.490937313133,0.70686182878595,175.295662500118,0.572861642157248
"998",186.631849062033,0.71506455579323,170.849503509121,0.55833171081412
"999",185.233473219326,0.709706793943778,175.186649021702,0.57250538895981
"1000",185.301166128477,0.709966153748952,175.996709439112,0.575152645225856
